[
  {
    "date": "01-01",
    "nombre": "Año Nuevo",
    "tipo": "nacional",
    "recurrente": true,
    "id": 1
  },
  {
    "date": "01-06",
    "nombre": "Reyes Magos",
    "tipo": "nacional",
    "recurrente": true,
    "id": 2
  },
  {
    "date": "03-29",
    "nombre": "Viernes Santo",
    "tipo": "nacional",
    "recurrente": false,
    "id": 3
  },
  {
    "date": "04-01",
    "nombre": "Lunes de Pascua",
    "tipo": "local",
    "recurrente": false,
    "id": 4
  },
  {
    "date": "05-01",
    "nombre": "Día del Trabajador",
    "tipo": "nacional",
    "recurrente": true,
    "id": 5
  },
  {
    "date": "06-24",
    "nombre": "San Juan",
    "tipo": "local",
    "recurrente": true,
    "id": 6
  },
  {
    "date": "08-15",
    "nombre": "Asunción de la Virgen",
    "tipo": "nacional",
    "recurrente": true,
    "id": 7
  },
  {
    "date": "09-11",
    "nombre": "Diada de Catalunya",
    "tipo": "local",
    "recurrente": true,
    "id": 8
  },
  {
    "date": "09-24",
    "nombre": "La Mercè",
    "tipo": "local",
    "recurrente": true,
    "id": 9
  },
  {
    "date": "10-12",
    "nombre": "Fiesta Nacional de España",
    "tipo": "nacional",
    "recurrente": true,
    "id": 10
  },
  {
    "date": "11-01",
    "nombre": "Todos los Santos",
    "tipo": "nacional",
    "recurrente": true,
    "id": 11
  },
  {
    "date": "12-06",
    "nombre": "Día de la Constitución",
    "tipo": "nacional",
    "recurrente": true,
    "id": 12
  },
  {
    "date": "12-08",
    "nombre": "Inmaculada Concepción",
    "tipo": "nacional",
    "recurrente": true,
    "id": 13
  },
  {
    "date": "12-25",
    "nombre": "Navidad",
    "tipo": "nacional",
    "recurrente": true,
    "id": 14
  },
  {
    "date": "12-26",
    "nombre": "San Esteban",
    "tipo": "local",
    "recurrente": true,
    "id": 15
  }
]
