[
 {
  "date": "2024-01-01",
  "nombre": "Año Nuevo",
  "tipo": "nacional",
  "recurrente": true
 },
 {
  "date": "2024-01-06",
  "nombre": "Reyes Magos",
  "tipo": "nacional",
  "recurrente": true
 },
 {
  "date": "2024-03-29",
  "nombre": "Viernes Santo",
  "tipo": "nacional",
  "recurrente": false
 },
 {
  "date": "2024-04-01",
  "nombre": "Lunes de Pascua",
  "tipo": "local",
  "recurrente": false
 },
 {
  "date": "2024-05-01",
  "nombre": "Día del Trabajador",
  "tipo": "nacional",
  "recurrente": true
 },
 {
  "date": "2024-06-24",
  "nombre": "San Juan",
  "tipo": "local",
  "recurrente": true
 },
 {
  "date": "2024-08-15",
  "nombre": "Asunción de la Virgen",
  "tipo": "nacional",
  "recurrente": true
 },
 {
  "date": "2024-09-11",
  "nombre": "Diada de Catalunya",
  "tipo": "local",
  "recurrente": true
 },
 {
  "date": "2024-09-24",
  "nombre": "La Mercè",
  "tipo": "local",
  "recurrente": true
 },
 {
  "date": "2024-10-12",
  "nombre": "Fiesta Nacional de España",
  "tipo": "nacional",
  "recurrente": true
 },
 {
  "date": "2024-11-01",
  "nombre": "Todos los Santos",
  "tipo": "nacional",
  "recurrente": true
 },
 {
  "date": "2024-12-06",
  "nombre": "Día de la Constitución",
  "tipo": "nacional",
  "recurrente": true
 },
 {
  "date": "2024-12-08",
  "nombre": "Inmaculada Concepción",
  "tipo": "nacional",
  "recurrente": true
 },
 {
  "date": "2024-12-25",
  "nombre": "Navidad",
  "tipo": "nacional",
  "recurrente": true
 },
 {
  "date": "2024-12-26",
  "nombre": "San Esteban",
  "tipo": "local",
  "recurrente": true
 }
]